player_name,position,overall_rating,matches_played
Andrej Kramaric,forward,93.0,30
Timo Hübers,defender,91.0,31
Min-jae Kim,defender,90.8,25
Kevin Stöger,midfielder,90.7,32
Florian Wirtz,forward,90.7,32
Nico Schlotterbeck,defender,90.2,33
Patrick Mainka,defender,89.9,34
Leroy Sané,forward,89.4,27
Willian Pacho,defender,89.4,33
Xavi Simons,forward,88.5,32
Maximilian Mittelstädt,midfielder,87.8,31
Serhou Guirassy,forward,87.5,28
Angelo Stiller,midfielder,87.3,32
Joshua Kimmich,midfielder,86.9,28
Dan-Axel Zagadou,defender,86.5,19
Omar Marmoush,forward,86.0,29
Maximilian Wöber,defender,85.5,25
Waldemar Anton,defender,85.3,33
Philipp Lienhart,defender,85.1,15
Robin Koch,defender,84.9,31
David Raum,midfielder,84.7,31
Harry Kane,forward,83.4,32
Leon Goretzka,midfielder,83.3,30
Loïs Openda,forward,83.2,34
Anton Stach,midfielder,83.1,33
Mitchell Weiser,midfielder,82.8,30
Xaver Schlager,midfielder,82.5,29
Deniz Undav,forward,82.5,30
Jeremie Frimpong,forward,82.2,31
Alejandro Grimaldo,midfielder,81.8,33
Jamal Musiala,forward,81.6,24
Alphonso Davies,midfielder,81.6,29
Granit Xhaka,midfielder,81.4,33
Exequiel Palacios,midfielder,81.1,24
Chris Führich,forward,80.7,34
Anthony Caci,midfielder,80.3,31
Odilon Kossounou,midfielder,80.2,22
Benjamin Henrichs,midfielder,80.2,33
Maximilian Arnold,midfielder,80.0,30
Donyell Malen,forward,79.7,27
Jeff Chabot,defender,79.6,32
Emre Can,midfielder,79.4,25
Maxence Lacroix,defender,79.3,28
Noussair Mazraoui,midfielder,79.0,19
Thomas Meunier,midfielder,79.0,8
Marco Friedl,defender,78.9,25
Felix Uduokhai,defender,78.8,33
Josip Stanisic,midfielder,78.3,20
Joakim Maehle,midfielder,78.1,30
Maximilian Beier,forward,77.4,33
Amos Pieper,defender,76.9,7
Florian Grillitsch,midfielder,76.7,30
Jonas Hofmann,forward,76.5,32
Kevin Mbabu,midfielder,75.9,25
Tuta,defender,75.8,30
Sepp van den Berg,defender,75.8,33
Marcel Sabitzer,midfielder,75.2,25
Nico Elvedi,defender,75.1,30
Jeffrey Gouweleeuw,defender,75.1,30
Rogério,midfielder,75.0,13
Willi Orbán,defender,75.0,19
Ian Maatsen,midfielder,75.0,16
Konrad Laimer,midfielder,74.9,29
Hiroki Ito,defender,74.8,26
Victor Boniface,forward,74.6,23
Julian Ryerson,midfielder,74.6,21
Ermedin Demirovic,forward,74.0,33
Marvin Ducksch,forward,73.8,33
Romano Schmid,midfielder,73.6,33
Aleksandar Pavlovic,midfielder,73.5,19
Keven Schlotterbeck,defender,73.4,27
Kingsley Coman,forward,73.4,17
Jonathan Tah,midfielder,73.1,31
Robin Knoche,defender,73.0,24
Diogo Leite,defender,72.6,32
Raphaël Guerreiro,midfielder,72.5,20
Fabian Nürnberger,midfielder,72.1,21
Eric Dier,defender,71.7,15
Phillipp Mwene,midfielder,71.4,23
Robin Gosens,midfielder,71.2,30
Mohamed Simakan,midfielder,71.2,32
John Brooks,defender,71.0,21
Jonas Föhrenbach,midfielder,71.0,33
Emir Karic,midfielder,71.0,27
Dayot Upamecano,defender,70.9,25
Nadiem Amiri,midfielder,70.8,23
Edmond Tapsoba,midfielder,70.8,27
Leart Paçarada,midfielder,70.7,17
Cédric Zesiger,defender,69.5,22
Matthias Bader,midfielder,69.4,24
Niclas Füllkrug,forward,69.4,31
Ramy Bensebaini,midfielder,69.4,17
Omar Traoré,midfielder,69.3,31
Kiliann Sildillia,midfielder,69.3,27
Enzo Millot,midfielder,69.1,31
Mats Hummels,defender,69.0,25
Max Finkgräfe,midfielder,68.9,24
Jens Stage,midfielder,68.6,30
Bernardo,midfielder,68.5,33
Kevin Vogt,defender,68.4,32
Jadon Sancho,forward,68.3,14
Tim Kleindienst,forward,67.7,33
Serge Gnabry,forward,67.6,10
Pascal Stenzel,midfielder,67.6,22
Alassane Pléa,forward,67.5,27
Anthony Jung,defender,67.2,31
Ozan Kabak,defender,67.2,28
Piero Hincapié,midfielder,67.0,25
Brajan Gruda,forward,67.0,28
Vincenzo Grifo,midfielder,66.9,32
Pavel Kaderabek,midfielder,66.7,29
Luca Netz,midfielder,66.6,30
Maximilian Eggestein,midfielder,66.6,33
Milos Veljkovic,defender,66.2,23
Ellyes Skhiri,midfielder,66.1,27
Rasmus Carstensen,midfielder,66.1,23
Tim Siersleben,defender,66.0,12
Patrick Osterhage,midfielder,65.7,24
Jonas Wind,forward,65.7,34
Franck Honorat,midfielder,65.0,32
Matthias Ginter,defender,64.9,23
Robert Andrich,midfielder,64.7,28
Julian Brandt,midfielder,64.5,32
Dani Olmo,midfielder,64.5,21
Amadou Haidara,midfielder,64.5,21
Jonathan Burkardt,forward,64.1,21
Takuma Asano,forward,64.0,29
Farès Chaïbi,forward,63.7,28
Atakan Karazor,midfielder,63.7,33
Danilho Doekhi,defender,63.1,24
Mario Götze,midfielder,63.1,30
Mads Pedersen,midfielder,62.9,27
Rubén Vargas,forward,62.8,31
Ivan Ordets,defender,62.7,24
Hugo Ekitiké,forward,62.2,14
Julian Weigl,midfielder,61.8,31
Benedikt Gimber,defender,61.7,24
Mattias Svanberg,midfielder,61.6,25
Moritz Jenz,defender,61.2,22
Leonardo Bittencourt,midfielder,61.1,29
Joe Scally,midfielder,61.0,31
Dejan Ljubicic,midfielder,60.8,26
Thomas Müller,forward,60.4,31
Dominik Kohr,midfielder,60.3,31
Niklas Beste,midfielder,60.2,31
Ko Itakura,defender,60.1,20
Fabian Holland,midfielder,59.7,23
Iago,midfielder,59.7,23
Phillip Tietz,forward,59.4,34
Lovro Majer,midfielder,59.2,32
Marius Wolf,midfielder,59.1,21
Silvan Widmer,midfielder,59.1,20
Philipp Max,midfielder,59.0,23
Florian Kainz,midfielder,58.9,33
Justin Njinmah,forward,58.8,24
András Schäfer,midfielder,58.5,20
Eric Martel,midfielder,58.5,30
Wout Weghorst,forward,58.3,27
Kevin Kampl,midfielder,57.9,24
Rocco Reitz,midfielder,57.6,34
Amine Adli,forward,57.5,23
Clemens Riedel,midfielder,56.9,14
Eren Dinkçi,midfielder,56.9,33
Josip Juranovic,midfielder,56.7,21
Niels Nkounkou,midfielder,56.7,29
Tim Skarke,midfielder,56.7,30
Niklas Stark,defender,56.6,17
Nicolas Höfler,midfielder,56.2,28
Dominique Heintz,midfielder,56.2,12
Benedict Hollerbach,forward,56.1,28
Manu Koné,midfielder,55.9,22
Ritsu Doan,midfielder,55.7,30
Marvin Mehlem,midfielder,55.2,20
Christopher Trimmel,midfielder,55.2,26
Ridle Baku,midfielder,55.2,33
Grischa Prömel,midfielder,55.0,28
Kristijan Jakic,midfielder,54.8,18
Jan Thielmann,midfielder,54.5,22
Lukas Kübler,midfielder,53.7,26
Manuel Gulde,defender,53.0,27
Junior Dina Ebimbe,midfielder,52.8,31
Ansgar Knauff,midfielder,52.8,31
Aurélio Buta,midfielder,52.5,30
Stefan Lainer,midfielder,52.1,15
Julian Justvan,midfielder,52.0,18
Christian Günter,midfielder,51.8,15
Florian Neuhaus,midfielder,51.7,23
Marco Reus,midfielder,51.6,26
Jamie Leweling,forward,51.6,34
Denis Huseinbasic,midfielder,51.3,26
Matthijs de Ligt,defender,50.9,22
Lucas Tousart,midfielder,50.8,23
Jae-sung Lee,midfielder,50.2,29
Niklas Süle,defender,50.0,23
Klaus Gjasula,defender,50.0,22
Kevin Akpoguma,defender,49.5,17
Fredrik Jensen,forward,49.3,22
Christopher Antwi-Adjei,forward,49.0,25
Sheraldo Becker,forward,48.7,11
Lukas Klostermann,defender,48.5,24
Danny da Costa,midfielder,48.4,18
Felix Passlack,midfielder,48.4,15
Nicolas Cozza,midfielder,48.1,6
Hugo Larsson,midfielder,48.1,29
Elvis Rexhbecaj,midfielder,47.8,25
Arne Maier,midfielder,47.8,21
Leandro Barreiro,midfielder,47.8,31
Stefan Bell,defender,47.7,10
Youssoufa Moukoko,forward,47.5,20
Maximilian Wittek,midfielder,47.1,21
Matej Maglica,defender,47.0,26
Benno Schmitz,midfielder,47.0,22
Yannik Keitel,defender,46.9,15
Yorbe Vertessen,forward,46.6,13
Roland Sallai,midfielder,46.4,27
Erhan Masovic,defender,46.4,29
Edimilson Fernandes,defender,46.2,21
Merlin Röhl,midfielder,46.1,24
Castello Lukeba,defender,46.1,32
Jan Schöppner,midfielder,45.9,26
Marius Bülter,midfielder,45.9,29
Anthony Losilla,midfielder,45.7,31
Andreas Hanche-Olsen,defender,45.6,15
Robert Skov,midfielder,45.4,25
Vaclav Cerny,forward,45.4,22
David Datro Fofana,forward,45.1,12
Ihlas Bebou,forward,44.8,32
Patrik Schick,forward,44.7,20
Mathys Tel,forward,44.7,30
Jannik Müller,defender,44.4,16
Linton Maina,forward,44.3,31
Nathan Ngoumou,forward,44.3,32
Nathan Tella,forward,44.3,24
Christoph Klarer,defender,44.2,30
Olivier Deman,midfielder,44.1,28
Christoph Zimmermann,defender,44.0,19
Felix Agu,midfielder,43.8,24
Kevin Paredes,midfielder,43.4,28
Yannick Gerhardt,midfielder,43.2,25
Matus Bero,midfielder,43.2,24
Tobias Kempe,midfielder,43.1,24
Attila Szalai,defender,42.8,7
Maximilian Bauer,defender,42.2,14
Gonçalo Paciência,forward,42.2,18
Josha Vagnoman,midfielder,42.1,18
Lennard Maloney,midfielder,42.0,29
Bartol Franjic,midfielder,42.0,20
Karim Onisiwo,forward,41.9,24
Norman Theuerkauf,midfielder,41.6,25
Jamie Gittens,forward,41.6,25
Senne Lynen,midfielder,40.9,32
Niklas Dorsch,midfielder,40.8,21
Salih Özcan,midfielder,40.7,23
Mark Uth,forward,40.6,11
Silas,forward,40.1,27
Anthony Rouault,defender,40.1,21
Marco Richter,forward,40.0,20
Manuel Riemann,defender,39.7,33
Julián Malatini,defender,39.5,10
Jordy Makengo,midfielder,39.5,20
Kevin Behrens,forward,39.4,31
Karim Adeyemi,forward,38.9,21
Tim Drexler,defender,38.4,8
Robin Hack,midfielder,38.4,29
Felix Nmecha,midfielder,38.2,20
Bryan Zaragoza,forward,38.2,7
Marvin Friedrich,defender,38.1,24
Sebastiaan Bornauw,defender,37.8,20
Luca Waldschmidt,midfielder,37.7,22
Stanley Nsoki,defender,37.2,11
Leonardo Bonucci,defender,37.1,7
Rani Khedira,midfielder,36.9,20
Kevin Volland,forward,36.7,26
Timo Werner,forward,36.5,8
Philipp Hofmann,forward,36.4,28
Alexander Meyer,defender,36.4,8
Sargis Adamyan,forward,36.2,19
Maxim Leitsch,defender,34.9,7
Aïssa Laïdouni,midfielder,34.8,23
Justin Diehl,forward,34.0,7
Tomas Cvancara,forward,33.9,21
Tom Krauß,midfielder,33.7,29
Christian Groß,defender,33.6,19
Alexander Nübel,defender,33.3,30
Leonidas Stergiou,midfielder,33.0,15
Marcel Schuhen,defender,32.8,31
Brenden Aaronson,midfielder,32.7,30
Janik Haberer,midfielder,32.6,21
Luca Pfeiffer,midfielder,32.1,23
Lucas Höler,midfielder,32.0,33
Marnon Busch,midfielder,32.0,16
Alex Král,midfielder,31.8,24
Cristian Gamboa,midfielder,31.5,21
Moritz Broschinski,forward,31.5,26
Arne Engels,midfielder,31.3,32
Jacob Christensen,midfielder,31.3,6
Christoph Baumgartner,midfielder,31.2,32
Noah Weißhaupt,midfielder,31.1,24
Giovanni Reyna,midfielder,31.1,11
Patric Pfeiffer,defender,30.4,11
